Designator,Footprint,Quantity,Value,LCSC Part #
H2,Logo_HF_2025,1,Logo HF 2025,
J1,USB-C_16p_vert_Shou-Han_TYPE-C 16P LTH6.8 - C5187468,1,USB-C Rec. Vert.,C5187468
J2,JST_EH_S2B-EH_1x02_P2.50mm_Horizontal,1,JST EH 2,C514173
J3,AMASS_XT30UPB-M_1x02_P5.0mm_Vertical,1,XT30,C428721
J4,Molex_PicoBlade_53048-0410_1x04_P1.25mm_Horizontal,1,pico4,C588275
J5,JST_EH_B3B-EH-A_1x03_P2.50mm_Vertical,1,DNP - Dynamixel-3,C160259
J6,USB-C_TYPE-C-24PLT-H10.5-1,1,USB_C_Receptacle,C3151750
J8,USB-A-TH_MOLEX_484080003,1,USB3_A,C587839
J9,JST_EH_S3B-EH_1x03_P2.50mm_Horizontal,1,DNP - Dynamixel-3,C263754
"R1, R2, R3, R4",0402,4,5k1,C25905
