Designator,Mid X,Mid Y,Rotation,Layer
C1,36.218749,1.675,0.0,top
C10,9.3,24.7,90.0,top
C11,16.5,24.7,90.0,top
C12,31.32,20.375,270.0,top
C13,2.3,13.6,90.0,top
C14,21.8,25.555,270.0,top
C15,9.81,7.2,270.0,top
C16,39.8,25.9,90.0,top
C17,8.3,7.2,270.0,top
C18,39.8,19.1,270.0,top
C19,30.3,20.375,270.0,top
C2,47.8925,1.255,0.0,top
C20,15.0,2.9,0.0,top
C21,29.1,2.7,0.0,top
C22,30.5,1.2,0.0,top
C23,49.9,19.5,90.0,top
C24,58.2375,23.55,0.0,top
C25,52.5,18.8,0.0,top
C26,49.9,22.5,270.0,top
C27,6.7,19.1,270.0,top
C3,51.3,12.925,90.0,top
C4,45.0,9.3,0.0,top
C5,52.8,12.925,90.0,top
C6,44.3,11.9,180.0,top
C7,55.7375,15.25,0.0,top
C8,61.425,9.7,180.0,top
C9,11.8,16.3,0.0,top
D1,15.85,8.85,270.0,top
D10,26.8,27.675,180.0,top
D11,33.5,16.4,0.0,top
D12,43.6,15.25,90.0,top
D2,54.8875,2.925,0.0,top
D3,24.205,5.375,90.0,top
D4,54.8875,6.175,180.0,top
D5,52.3875,3.125,270.0,top
D6,54.8875,1.325,0.0,top
D7,54.8875,4.575,180.0,top
D8,35.9,11.8,180.0,top
D9,33.6,13.8,0.0,top
FID1,9.0,2.0,0.0,top
FID2,63.0,21.0,0.0,top
FID3,44.0,28.0,0.0,top
H3,39.202603,24.394809,0.0,bottom
H4,3.5,3.5,180.0,bottom
H5,61.5,26.5,180.0,bottom
H6,3.5,26.5,180.0,bottom
H7,61.5,3.5,180.0,bottom
J1,20.3,4.4,270.0,top
J10,43.927499,25.235001,180.0,bottom
J13,46.467499,27.775001,180.0,bottom
J14,49.007499,27.775001,180.0,bottom
J2,2.7,20.05,90.0,top
J4,33.5,19.87,180.0,top
J5,21.0,13.9,270.0,top
J7,8.75,11.05,180.0,bottom
J8,17.29,2.41,180.0,bottom
L1,3.95,9.0,180.0,top
L2,33.6,25.875,90.0,top
Q1,55.65,10.7375,270.0,top
Q2,12.6,9.7,270.0,top
Q3,53.3,26.6,180.0,top
R1,28.4,5.0,0.0,top
R10,57.65,8.8375,90.0,top
R11,56.25,8.2375,180.0,top
R12,54.5,12.7,270.0,top
R13,56.7375,17.05,90.0,top
R14,59.5,12.2,90.0,top
R15,38.475,11.8,180.0,top
R16,36.7925,21.3,90.0,top
R17,53.4,7.9,0.0,top
R18,30.8,21.875,0.0,top
R2,26.51,3.1,0.0,top
R21,36.7925,19.39,90.0,top
R22,35.7925,19.4,270.0,top
R25,56.1,13.2,0.0,top
R26,35.7925,21.3,90.0,top
R27,13.1,2.9,0.0,top
R28,37.2,15.3,180.0,top
R29,55.2,17.5,0.0,top
R3,24.9,7.7,180.0,top
R32,22.8,20.175,180.0,top
R33,49.0,25.7,270.0,top
R34,46.5,25.7,270.0,top
R35,52.0,24.4,0.0,top
R36,50.4,25.7,90.0,top
R37,54.8375,28.2,270.0,top
R38,48.6175,18.995,270.0,top
R39,60.3375,20.55,270.0,top
R4,57.3,4.5,90.0,top
R40,45.1,15.9,270.0,top
R41,26.9,1.2,0.0,top
R5,57.3,2.2,90.0,top
R6,44.9175,5.355,270.0,top
R7,46.4175,6.105,0.0,top
R8,50.2175,4.155,270.0,top
R9,52.2875,1.075,180.0,top
TH1,36.8,13.6,180.0,top
TH2,41.135,14.4,180.0,top
U1,33.281249,5.125,180.0,top
U10,57.7,21.0,180.0,top
U11,52.6,21.4,180.0,top
U2,47.5625,3.75,180.0,top
U3,48.35,11.3375,180.0,top
U4,59.4,17.3,90.0,top
U5,62.1325,12.22,0.0,top
U6,45.9625,19.45,270.0,top
U7,4.9,14.1,90.0,top
U8,14.5,5.15,90.0,top
U9,26.07,23.2,270.0,top
Y1,40.318749,3.775,180.0,top
